-- new business functions
INSERT INTO BUSINESS_FUNCTION(ID, FUNCTION_CODE, FUNCTION_NAME, RESOURCE_CODE, RESOURCE_NAME)
VALUES
('1094', 'manage.aggregate.portfolio', 'Manage Aggregate Portfolio', 'portfolio', 'Portfolio');

INSERT INTO BUSINESS_FUNCTION(ID, FUNCTION_CODE, FUNCTION_NAME, RESOURCE_CODE, RESOURCE_NAME)
VALUES
('1095', 'batch.templates', 'Batch Templates', 'batch', 'Batch');

INSERT INTO APPLICABLE_FUNCTION_PRIVILEGE
(ID, BUSINESS_FUNCTION_NAME, FUNCTION_RESOURCE_NAME, PRIVILEGE_NAME, SUPPORTS_LIMIT, BUSINESS_FUNCTION_ID, PRIVILEGE_ID)
VALUES
('347', 'Manage Aggregate Portfolio', 'Portfolio', 'view', 0, '1094', '2');

INSERT INTO APPLICABLE_FUNCTION_PRIVILEGE
(ID, BUSINESS_FUNCTION_NAME, FUNCTION_RESOURCE_NAME, PRIVILEGE_NAME, SUPPORTS_LIMIT, BUSINESS_FUNCTION_ID, PRIVILEGE_ID)
VALUES
('348', 'Manage Aggregate Portfolio', 'Portfolio', 'create', 0, '1094', '3');

INSERT INTO APPLICABLE_FUNCTION_PRIVILEGE
(ID, BUSINESS_FUNCTION_NAME, FUNCTION_RESOURCE_NAME, PRIVILEGE_NAME, SUPPORTS_LIMIT, BUSINESS_FUNCTION_ID, PRIVILEGE_ID)
VALUES
('349', 'Manage Aggregate Portfolio', 'Portfolio', 'edit', 0, '1094', '4');

INSERT INTO APPLICABLE_FUNCTION_PRIVILEGE
(ID, BUSINESS_FUNCTION_NAME, FUNCTION_RESOURCE_NAME, PRIVILEGE_NAME, SUPPORTS_LIMIT, BUSINESS_FUNCTION_ID, PRIVILEGE_ID)
VALUES
('350', 'Manage Aggregate Portfolio', 'Portfolio', 'delete', 0, '1094', '5');

INSERT INTO APPLICABLE_FUNCTION_PRIVILEGE
(ID, BUSINESS_FUNCTION_NAME, FUNCTION_RESOURCE_NAME, PRIVILEGE_NAME, SUPPORTS_LIMIT, BUSINESS_FUNCTION_ID, PRIVILEGE_ID)
VALUES
('351', 'Manage Aggregate Portfolio', 'Portfolio', 'approve', 0, '1094', '6');

INSERT INTO APPLICABLE_FUNCTION_PRIVILEGE
(ID, BUSINESS_FUNCTION_NAME, FUNCTION_RESOURCE_NAME, PRIVILEGE_NAME, SUPPORTS_LIMIT, BUSINESS_FUNCTION_ID, PRIVILEGE_ID)
VALUES
('352', 'Batch Templates', 'Batch', 'view', 0, '1095', '2');

INSERT INTO APPLICABLE_FUNCTION_PRIVILEGE
(ID, BUSINESS_FUNCTION_NAME, FUNCTION_RESOURCE_NAME, PRIVILEGE_NAME, SUPPORTS_LIMIT, BUSINESS_FUNCTION_ID, PRIVILEGE_ID)
VALUES
('353', 'Batch Templates', 'Batch', 'create', 0, '1095', '3');

INSERT INTO APPLICABLE_FUNCTION_PRIVILEGE
(ID, BUSINESS_FUNCTION_NAME, FUNCTION_RESOURCE_NAME, PRIVILEGE_NAME, SUPPORTS_LIMIT, BUSINESS_FUNCTION_ID, PRIVILEGE_ID)
VALUES
('354', 'Batch Templates', 'Batch', 'edit', 0, '1095', '4');

INSERT INTO APPLICABLE_FUNCTION_PRIVILEGE
(ID, BUSINESS_FUNCTION_NAME, FUNCTION_RESOURCE_NAME, PRIVILEGE_NAME, SUPPORTS_LIMIT, BUSINESS_FUNCTION_ID, PRIVILEGE_ID)
VALUES
('355', 'Batch Templates', 'Batch', 'delete', 0, '1095', '5');

INSERT INTO APPLICABLE_FUNCTION_PRIVILEGE
(ID, BUSINESS_FUNCTION_NAME, FUNCTION_RESOURCE_NAME, PRIVILEGE_NAME, SUPPORTS_LIMIT, BUSINESS_FUNCTION_ID, PRIVILEGE_ID)
VALUES
('356', 'Batch Templates', 'Batch', 'approve', 0, '1095', '6');

INSERT INTO ASSIGNABLE_PERMISSION_SET_ITEM
(ASSIGNABLE_PERMISSION_SET_ID, FUNCTION_PRIVILEGE_ID)
VALUES
(1, '347');

INSERT INTO ASSIGNABLE_PERMISSION_SET_ITEM
(ASSIGNABLE_PERMISSION_SET_ID, FUNCTION_PRIVILEGE_ID)
VALUES
(1, '348');

INSERT INTO ASSIGNABLE_PERMISSION_SET_ITEM
(ASSIGNABLE_PERMISSION_SET_ID, FUNCTION_PRIVILEGE_ID)
VALUES
(1, '349');

INSERT INTO ASSIGNABLE_PERMISSION_SET_ITEM
(ASSIGNABLE_PERMISSION_SET_ID, FUNCTION_PRIVILEGE_ID)
VALUES
(1, '350');

INSERT INTO ASSIGNABLE_PERMISSION_SET_ITEM
(ASSIGNABLE_PERMISSION_SET_ID, FUNCTION_PRIVILEGE_ID)
VALUES
(1, '351');

INSERT INTO ASSIGNABLE_PERMISSION_SET_ITEM
(ASSIGNABLE_PERMISSION_SET_ID, FUNCTION_PRIVILEGE_ID)
VALUES
(1, '352');

INSERT INTO ASSIGNABLE_PERMISSION_SET_ITEM
(ASSIGNABLE_PERMISSION_SET_ID, FUNCTION_PRIVILEGE_ID)
VALUES
(1, '353');

INSERT INTO ASSIGNABLE_PERMISSION_SET_ITEM
(ASSIGNABLE_PERMISSION_SET_ID, FUNCTION_PRIVILEGE_ID)
VALUES
(1, '354');

INSERT INTO ASSIGNABLE_PERMISSION_SET_ITEM
(ASSIGNABLE_PERMISSION_SET_ID, FUNCTION_PRIVILEGE_ID)
VALUES
(1, '355');

INSERT INTO ASSIGNABLE_PERMISSION_SET_ITEM
(ASSIGNABLE_PERMISSION_SET_ID, FUNCTION_PRIVILEGE_ID)
VALUES
(1, '356');

commit;
