-- INITIALIZING PRIVILEGES

INSERT INTO [privilege] ([id], [code], [name])
VALUES ('1', 'execute', 'execute'),
       ('2', 'view', 'view'),
       ('3', 'create', 'create'),
       ('4', 'edit', 'edit'),
       ('5', 'delete', 'delete'),
       ('6', 'approve', 'approve'),
       ('7', 'cancel', 'cancel');

-- INITIALIZING DATA FOR BUSINESS FUNCTIONS --

INSERT INTO [business_function] ([id], [function_code], [function_name], [resource_code], [resource_name])
VALUES ('1002', 'payments.sepa', 'SEPA CT', 'payments', 'Payments'),
       ('1003', 'transactions', 'Transactions', 'transactions', 'Transactions'),
       ('1005', 'contacts', 'Contacts', 'contacts', 'Contacts'),
       ('1006', 'product.summary', 'Product Summary', 'product.summary', 'Product Summary'),
       ('1007', 'assign.users', 'Assign Users', 'service.agreement', 'Service Agreement'),
       ('1009', 'assign.permissions', 'Assign Permissions', 'service.agreement', 'Service Agreement'),
       ('1010', 'manage.users', 'Manage Users', 'user', 'User'),
       ('1011', 'manage.legalentities', 'Manage Legal Entities', 'legalentity', 'Legal Entity'),
       ('1012', 'manage.limits', 'Manage Limits', 'limits', 'Limits'),
       ('1013', 'audit', 'Audit', 'audit', 'Audit'),
       ('1014', 'manage.shadow.limits', 'Manage Shadow Limits', 'limits', 'Limits'),
       ('1015', 'intra.company.payments', 'Intra Company Payments', 'payments', 'Payments'),
       ('1016', 'manage.statements', 'Manage Statements', 'account.statements', 'Account Statements'),
       ('1017', 'us.domestic.wire', 'US Domestic Wire', 'payments', 'Payments'),
       ('1018', 'us.foreign.wire', 'US Foreign Wire', 'payments', 'Payments'),
       ('1019', 'manage.data.groups', 'Manage Data Groups', 'entitlements', 'Entitlements'),
       ('1020', 'manage.function.groups', 'Manage Function Groups', 'entitlements', 'Entitlements'),
       ('1021', 'us.billpay.payments', 'US Billpay Payments', 'payments', 'Payments'),
       ('1022', 'us.billpay.payees', 'US Billpay Payees', 'contacts', 'Contacts'),
       ('1023', 'us.billpay.accounts', 'US Billpay Accounts', 'arrangements', 'Arrangements'),
       ('1024', 'us.billpay.payees.search', 'US Billpay Payees-Search', 'contacts', 'Contacts'),
       ('1025', 'us.billpay.payees.summary', 'US Billpay Payees-Summary', 'contacts', 'Contacts'),
       ('1026', 'us.billpay.enrolment', 'US Billpay Enrolment', 'billpay', 'Billpay'),
       ('1027', 'access.actions.history', 'Access Actions History', 'actions', 'Actions'),
       ('1028', 'manage.service.agreements', 'Manage Service Agreements', 'service.agreement', 'Service Agreement'),
       ('1029', 'manage.actions.recipes', 'Manage Action Recipes', 'actions', 'Actions'),
       ('1030', 'manage.notifications', 'Manage Notifications', 'notifications', 'Notifications'),
       ('1031', 'manage.topics', 'Manage Topics', 'message.center', 'Message Center'),
       ('1032', 'assign.approval.policies', 'Assign Approval Policies', 'approvals', 'Approvals'),
       ('1033', 'manage.approval.policy.level', 'Manage Approval Policy and Level', 'approvals', 'Approvals'),
       ('1034', 'manage.identities', 'Manage Identities', 'identities', 'Identities'),
       ('1035', 'manage.user.profiles', 'Manage User Profiles', 'user.profiles', 'User Profiles'),
       ('1036', 'support.access.payments', 'Support Access for Payments', 'support.access', 'Support Access'),
       ('1037', 'batch.sepa', 'Batch - SEPA CT', 'batch', 'Batch'),
       ('1038', 'manage.messages', 'Manage Messages', 'message.center', 'Message Center'),
       ('1039', 'supervise.messages', 'Supervise Messages', 'message.center', 'Message Center'),
       ('1040', 'manage.global.limits', 'Manage Global Limits', 'limits', 'Limits'),
       ('1041', 'ach.credit.transfer', 'ACH Credit Transfer', 'payments', 'Payments'),
       ('1042', 'ach.credit.intc', 'ACH Credit - Intracompany', 'payments', 'Payments'),
       ('1043', 'sepa.credit.transfer.intc', 'SEPA CT - Intracompany', 'payments', 'Payments'),
       ('1044', 'us.domestic.wire.intc', 'US Domestic Wire - Intracompany', 'payments', 'Payments'),
       ('1045', 'us.foreign.wire.intc', 'US Foreign Wire - Intracompany', 'payments', 'Payments'),
       ('1046', 'ach.debit', 'ACH Debit', 'payments', 'Payments'),
       ('1047', 'manage.budgets', 'Manage Budgets', 'personal.finance.management', 'Personal Finance Management'),
       ('1048', 'manage.saving.goals', 'Manage Saving Goals', 'personal.finance.management', 'Personal Finance Management'),
       ('1049', 'lock.user', 'Lock User', 'identities', 'Identities'),
       ('1050', 'unlock.user', 'Unlock User', 'identities', 'Identities'),
       ('1051', 'manage.devices', 'Manage Devices', 'device', 'Device'),
       ('1052', 'sepa.credit.transfer.closed', 'SEPA CT - closed', 'payments', 'Payments'),
       ('1053', 'a2a.transfer', 'A2A Transfer', 'payments', 'Payments'),
       ('1054', 'flow.case', 'Manage Case', 'flow', 'Flow'),
       ('1055', 'flow.case.archive', 'Archive Case', 'flow', 'Flow'),
       ('1056', 'flow.case.document', 'Manage Case Documents', 'flow', 'Flow'),
       ('1057', 'flow.case.comment', 'Manage Case Comments', 'flow', 'Flow'),
       ('1058', 'flow.case.changelog', 'Access Case Changelog', 'flow', 'Flow'),
       ('1059', 'flow.case.statistics', 'Access Case Statistics', 'flow', 'Flow'),
       ('1060', 'flow.journey.statistics', 'Access Journey Statistics', 'flow', 'Flow'),
       ('1061', 'flow.journey.definitions', 'Access Journey Definitions', 'flow', 'Flow'),
       ('1062', 'flow.task.assign', 'Assign Task', 'flow', 'Flow'),
       ('1063', 'flow.task.dates', 'Manage Task Dates', 'flow', 'Flow'),
       ('1064', 'flow.task', 'Manage Task', 'flow', 'Flow'),
       ('1065', 'stop.checks', 'Stop Checks', 'payments', 'Payments'),
       ('1066', 'manage.other.users.devices', 'Manage Other User''s Devices', 'device', 'Device'),
       ('1067', 'batch.ach.credit', 'Batch - ACH Credit', 'batch', 'Batch'),
       ('1068', 'cash.flow.forecasting', 'Cash Flow Forecasting', 'cash.flow', 'Cash Flow'),
       ('1069', 'batch.ach.debit', 'Batch - ACH Debit', 'batch', 'Batch'),
       ('1070', 'p2p.transfer', 'P2P Transfer', 'payments', 'Payments'),
       ('1071', 'payment.templates', 'Payment Templates', 'payments', 'Payments'),
       ('1072', 'flow.task.statistics', 'Access Task Statistics', 'flow', 'Flow'),
       ('1073', 'uk.chaps', 'UK CHAPS', 'payments', 'Payments'),
       ('1074', 'uk.faster.payments', 'UK Faster Payments', 'payments', 'Payments'),
       ('1075', 'emulate', 'Emulate', 'employee', 'Employee'),
       ('1076', 'act.on.behalf.of', 'Act on behalf of', 'employee', 'Employee'),
       ('1077', 'flow.collection', 'Access Collections', 'flow', 'Flow'),
       ('1078', 'manage.authorized.users', 'Manage Authorized Users', 'user', 'User'),
       ('1079', 'batch.intracompany.payments', 'Batch - Intracompany Payments', 'batch', 'Batch'),
       ('1080', 'manage.employee.comments', 'Manage Employee Comments', 'comments', 'Comments'),
       ('1081', 'manage.positive.pay', 'Manage Positive Pay', 'payments', 'Payments'),
       ('1082', 'manage.arrangement.alias', 'Manage Arrangement Alias', 'product.summary', 'Product Summary'),
       ('1083', 'manage.pockets', 'Manage Pockets', 'personal.finance.management', 'Personal Finance Management'),
       ('1084', 'revoke.access', 'Revoke access', 'identities', 'Identities'),
       ('1085', 'product.summary.limited.view', 'Product Summary Limited View', 'product.summary', 'Product Summary'),
       ('1086', 'manage.engagement.events', 'Manage Engagement Events', 'actions', 'Actions'),
       ('1087', 'manage.portfolio', 'Manage Portfolio', 'portfolio', 'Portfolio'),
       ('1088', 'manage.order', 'Manage Order', 'portfolio', 'Portfolio'),
       ('1089', 'manage.cards', 'Manage Cards', 'personal.finance.management', 'Personal Finance Management'),
       ('1090', 'places', 'Places', 'personal.finance.management', 'Personal Finance Management'),
       ('1091', 'remote.deposit.capture', 'Remote Deposit Capture', 'payments', 'Payments'),
       ('1092', 'audit.emulation', 'Audit Emulation', 'audit', 'Audit'),
       ('1093', 'identity.impersonation', 'Identity Impersonation', 'identities', 'Identities'),
       ('1094', 'manage.aggregate.portfolio', 'Manage Aggregate Portfolio', 'portfolio', 'Portfolio'),
       ('1095', 'batch.templates', 'Batch Templates', 'batch', 'Batch'),
       ('1096', 'manage.ach.positive.pay', 'Manage ACH Positive Pay', 'payments', 'Payments'),
       ('1097', 'manage.account.reconciliation', 'Manage Account Reconciliation', 'payments', 'Payments'),
       ('1098', 'batch.list.confidential', 'Batch - List Confidential', 'batch', 'Batch'),
       ('1099', 'batch.manage.confidential', 'Batch - Manage Confidential', 'batch', 'Batch');

-- INITIALIZING APPLICABLE FUNCTION PRIVILEGES

INSERT INTO [applicable_function_privilege] ([id],
                                             [business_function_name],
                                             [function_resource_name],
                                             [privilege_name],
                                             [supports_limit],
                                             [business_function_id],
                                             [privilege_id])
VALUES ('3', 'SEPA CT', 'Payments', 'create', '1', '1002', '3'),
       ('4', 'Transactions', 'Transactions', 'view', '0', '1003', '2'),
       ('5', 'Transactions', 'Transactions', 'edit', '0', '1003', '4'),
       ('7', 'Contacts', 'Contacts', 'view', '0', '1005', '2'),
       ('8', 'Contacts', 'Contacts', 'create', '0', '1005', '3'),
       ('9', 'Contacts', 'Contacts', 'edit', '0', '1005', '4'),
       ('10', 'Contacts', 'Contacts', 'delete', '0', '1005', '5'),
       ('11', 'Product Summary', 'Product Summary', 'view', '0', '1006', '2'),
       ('12', 'Product Summary', 'Product Summary', 'edit', '0', '1006', '4'),
       ('13', 'Assign Users', 'Service Agreement', 'view', '0', '1007', '2'),
       ('14', 'Assign Users', 'Service Agreement', 'create', '0', '1007', '3'),
       ('15', 'Assign Users', 'Service Agreement', 'edit', '0', '1007', '4'),
       ('19', 'Assign Permissions', 'Service Agreement', 'view', '0', '1009', '2'),
       ('20', 'Assign Permissions', 'Service Agreement', 'create', '0', '1009', '3'),
       ('21', 'Assign Permissions', 'Service Agreement', 'edit', '0', '1009', '4'),
       ('22', 'Manage Users', 'User', 'view', '0', '1010', '2'),
       ('23', 'Manage Legal Entities', 'Legal Entity', 'view', '0', '1011', '2'),
       ('24', 'SEPA CT', 'Payments', 'view', '0', '1002', '2'),
       ('25', 'SEPA CT', 'Payments', 'edit', '0', '1002', '4'),
       ('26', 'SEPA CT', 'Payments', 'delete', '0', '1002', '5'),
       ('27', 'Manage Limits', 'Limits', 'view', '0', '1012', '2'),
       ('28', 'Manage Limits', 'Limits', 'create', '0', '1012', '3'),
       ('29', 'Manage Limits', 'Limits', 'edit', '0', '1012', '4'),
       ('30', 'Manage Limits', 'Limits', 'delete', '0', '1012', '5'),
       ('31', 'Audit', 'Audit', 'view', '0', '1013', '2'),
       ('32', 'Audit', 'Audit', 'create', '0', '1013', '3'),
       ('33', 'Manage Shadow Limits', 'Limits', 'view', '0', '1014', '2'),
       ('34', 'Manage Shadow Limits', 'Limits', 'create', '0', '1014', '3'),
       ('35', 'Manage Shadow Limits', 'Limits', 'edit', '0', '1014', '4'),
       ('36', 'Manage Shadow Limits', 'Limits', 'delete', '0', '1014', '5'),
       ('37', 'Intra Company Payments', 'Payments', 'view', '0', '1015', '2'),
       ('38', 'Intra Company Payments', 'Payments', 'create', '1', '1015', '3'),
       ('39', 'Intra Company Payments', 'Payments', 'edit', '0', '1015', '4'),
       ('40', 'Intra Company Payments', 'Payments', 'delete', '0', '1015', '5'),
       ('41', 'Intra Company Payments', 'Payments', 'approve', '0', '1015', '6'),
       ('42', 'Manage Statements', 'Account Statements', 'view', '0', '1016', '2'),
       ('43', 'US Domestic Wire', 'Payments', 'view', '0', '1017', '2'),
       ('44', 'US Domestic Wire', 'Payments', 'create', '1', '1017', '3'),
       ('45', 'US Domestic Wire', 'Payments', 'edit', '0', '1017', '4'),
       ('46', 'US Domestic Wire', 'Payments', 'delete', '0', '1017', '5'),
       ('47', 'US Domestic Wire', 'Payments', 'approve', '0', '1017', '6'),
       ('48', 'US Foreign Wire', 'Payments', 'view', '0', '1018', '2'),
       ('49', 'US Foreign Wire', 'Payments', 'create', '1', '1018', '3'),
       ('50', 'US Foreign Wire', 'Payments', 'edit', '0', '1018', '4'),
       ('51', 'US Foreign Wire', 'Payments', 'delete', '0', '1018', '5'),
       ('52', 'US Foreign Wire', 'Payments', 'approve', '0', '1018', '6'),
       ('53', 'SEPA CT', 'Payments', 'approve', '0', '1002', '6'),
       ('54', 'Manage Data Groups', 'Entitlements', 'view', '0', '1019', '2'),
       ('55', 'Manage Data Groups', 'Entitlements', 'create', '0', '1019', '3'),
       ('56', 'Manage Data Groups', 'Entitlements', 'edit', '0', '1019', '4'),
       ('57', 'Manage Data Groups', 'Entitlements', 'delete', '0', '1019', '5'),
       ('58', 'Manage Data Groups', 'Entitlements', 'approve', '0', '1019', '6'),
       ('59', 'Manage Function Groups', 'Entitlements', 'view', '0', '1020', '2'),
       ('60', 'Manage Function Groups', 'Entitlements', 'create', '0', '1020', '3'),
       ('61', 'Manage Function Groups', 'Entitlements', 'edit', '0', '1020', '4'),
       ('62', 'Manage Function Groups', 'Entitlements', 'delete', '0', '1020', '5'),
       ('63', 'Manage Function Groups', 'Entitlements', 'approve', '0', '1020', '6'),
       ('64', 'US Billpay Payments', 'Payments', 'view', '0', '1021', '2'),
       ('65', 'US Billpay Payments', 'Payments', 'create', '0', '1021', '3'),
       ('66', 'US Billpay Payments', 'Payments', 'edit', '0', '1021', '4'),
       ('67', 'US Billpay Payments', 'Payments', 'delete', '0', '1021', '5'),
       ('68', 'US Billpay Payees', 'Contacts', 'view', '0', '1022', '2'),
       ('69', 'US Billpay Payees', 'Contacts', 'create', '0', '1022', '3'),
       ('70', 'US Billpay Payees', 'Contacts', 'edit', '0', '1022', '4'),
       ('71', 'US Billpay Payees', 'Contacts', 'delete', '0', '1022', '5'),
       ('72', 'US Billpay Accounts', 'Arrangements', 'view', '0', '1023', '2'),
       ('73', 'US Billpay Payees-Search', 'Contacts', 'execute', '0', '1024', '1'),
       ('74', 'US Billpay Payees-Summary', 'Contacts', 'view', '0', '1025', '2'),
       ('75', 'US Billpay Enrolment', 'Billpay', 'execute', '0', '1026', '1'),
       ('76', 'US Billpay Enrolment', 'Billpay', 'view', '0', '1026', '2'),
       ('77', 'Access Actions History', 'Actions', 'execute', '0', '1027', '1'),
       ('78', 'Access Actions History', 'Actions', 'view', '0', '1027', '2'),
       ('79', 'Intra Company Payments', 'Payments', 'cancel', '0', '1015', '7'),
       ('80', 'US Domestic Wire', 'Payments', 'cancel', '0', '1017', '7'),
       ('81', 'US Foreign Wire', 'Payments', 'cancel', '0', '1018', '7'),
       ('82', 'SEPA CT', 'Payments', 'cancel', '0', '1002', '7'),
       ('83', 'Manage Service Agreements', 'Service Agreement', 'view', '0', '1028', '2'),
       ('84', 'Manage Service Agreements', 'Service Agreement', 'create', '0', '1028', '3'),
       ('85', 'Manage Service Agreements', 'Service Agreement', 'edit', '0', '1028', '4'),
       ('86', 'Manage Service Agreements', 'Service Agreement', 'delete', '0', '1028', '5'),
       ('87', 'Manage Service Agreements', 'Service Agreement', 'approve', '0', '1028', '6'),
       ('88', 'Manage Action Recipes', 'Actions', 'execute', '0', '1029', '1'),
       ('89', 'Manage Action Recipes', 'Actions', 'view', '0', '1029', '2'),
       ('90', 'Manage Action Recipes', 'Actions', 'create', '0', '1029', '3'),
       ('91', 'Manage Action Recipes', 'Actions', 'edit', '0', '1029', '4'),
       ('92', 'Manage Action Recipes', 'Actions', 'delete', '0', '1029', '5'),
       ('93', 'Manage Notifications', 'Notifications', 'view', '0', '1030', '2'),
       ('94', 'Manage Notifications', 'Notifications', 'create', '0', '1030', '3'),
       ('95', 'Manage Notifications', 'Notifications', 'delete', '0', '1030', '5'),
       ('96', 'Contacts', 'Contacts', 'approve', '0', '1005', '6'),
       ('97', 'Manage Topics', 'Message Center', 'execute', '0', '1031', '1'),
       ('98', 'Manage Topics', 'Message Center', 'view', '0', '1031', '2'),
       ('99', 'Manage Topics', 'Message Center', 'create', '0', '1031', '3'),
       ('100', 'Manage Topics', 'Message Center', 'edit', '0', '1031', '4'),
       ('101', 'Manage Topics', 'Message Center', 'delete', '0', '1031', '5'),
       ('102', 'Assign Approval Policies', 'Approvals', 'view', 0, '1032', '2'),
       ('103', 'Assign Approval Policies', 'Approvals', 'create', 0, '1032', '3'),
       ('104', 'Assign Approval Policies', 'Approvals', 'edit', 0, '1032', '4'),
       ('105', 'Assign Approval Policies', 'Approvals', 'delete', 0, '1032', '5'),
       ('106', 'Assign Approval Policies', 'Approvals', 'approve', 0, '1032', '6'),
       ('107', 'Manage Approval Policy and Level', 'Approvals', 'view', 0, '1033', '2'),
       ('108', 'Manage Approval Policy and Level', 'Approvals', 'create', 0, '1033', '3'),
       ('109', 'Manage Approval Policy and Level', 'Approvals', 'edit', 0, '1033', '4'),
       ('110', 'Manage Approval Policy and Level', 'Approvals', 'delete', 0, '1033', '5'),
       ('111', 'Manage Approval Policy and Level', 'Approvals', 'approve', 0, '1033', '6'),
       ('112', 'Manage Identities', 'Identities', 'view', 0, '1034', '2'),
       ('113', 'Manage Identities', 'Identities', 'create', 0, '1034', '3'),
       ('114', 'Manage Identities', 'Identities', 'edit', 0, '1034', '4'),
       ('115', 'Assign Permissions', 'Service Agreement', 'approve', 0, '1009', '6'),
       ('116', 'Manage User Profiles', 'User Profiles', 'view', 0, '1035', '2'),
       ('117', 'Manage User Profiles', 'User Profiles', 'edit', 0, '1035', '4'),
       ('118', 'Support Access for Payments', 'Support Access', 'view', 0, '1036', '2'),
       ('119', 'Batch - SEPA CT', 'Batch', 'view', 1, '1037', '2'),
       ('120', 'Batch - SEPA CT', 'Batch', 'create', 1, '1037', '3'),
       ('121', 'Batch - SEPA CT', 'Batch', 'edit', 1, '1037', '4'),
       ('122', 'Batch - SEPA CT', 'Batch', 'delete', 1, '1037', '5'),
       ('123', 'Batch - SEPA CT', 'Batch', 'approve', 1, '1037', '6'),
       ('124', 'Batch - SEPA CT', 'Batch', 'cancel', 1, '1037', '7'),
       ('125', 'Manage Messages', 'Message Center', 'view', 0, '1038', '2'),
       ('126', 'Manage Messages', 'Message Center', 'create', 0, '1038', '3'),
       ('127', 'Manage Messages', 'Message Center', 'edit', 0, '1038', '4'),
       ('128', 'Manage Messages', 'Message Center', 'delete', 0, '1038', '5'),
       ('129', 'Manage Messages', 'Message Center', 'approve', 0, '1038', '6'),
       ('130', 'Supervise Messages', 'Message Center', 'view', 0, '1039', '2'),
       ('131', 'Supervise Messages', 'Message Center', 'create', 0, '1039', '3'),
       ('132', 'Supervise Messages', 'Message Center', 'edit', 0, '1039', '4'),
       ('133', 'Supervise Messages', 'Message Center', 'delete', 0, '1039', '5'),
       ('134', 'Supervise Messages', 'Message Center', 'approve', 0, '1039', '6'),
       ('135', 'Manage Global Limits', 'Limits', 'view', 0, '1040', '2'),
       ('136', 'Manage Global Limits', 'Limits', 'create', 0, '1040', '3'),
       ('137', 'Manage Global Limits', 'Limits', 'edit', 0, '1040', '4'),
       ('138', 'Manage Global Limits', 'Limits', 'delete', 0, '1040', '5'),
       ('139', 'Manage Global Limits', 'Limits', 'approve', 0, '1040', '6'),
       ('140', 'Manage Notifications', 'Notifications', 'approve', '0', '1030', '6'),
       ('141', 'Manage Notifications', 'Notifications', 'edit', '0', '1030', '4'),
       ('142', 'ACH Credit Transfer', 'Payments', 'view', 1, '1041', '2'),
       ('143', 'ACH Credit Transfer', 'Payments', 'create', 1, '1041', '3'),
       ('144', 'ACH Credit Transfer', 'Payments', 'edit', 1, '1041', '4'),
       ('145', 'ACH Credit Transfer', 'Payments', 'delete', 1, '1041', '5'),
       ('146', 'ACH Credit Transfer', 'Payments', 'approve', 1, '1041', '6'),
       ('147', 'ACH Credit Transfer', 'Payments', 'cancel', 1, '1041', '7'),
       ('148', 'ACH Credit - Intracompany', 'Payments', 'view', 1, '1042', '2'),
       ('149', 'ACH Credit - Intracompany', 'Payments', 'create', 1, '1042', '3'),
       ('150', 'ACH Credit - Intracompany', 'Payments', 'edit', 1, '1042', '4'),
       ('151', 'ACH Credit - Intracompany', 'Payments', 'delete', 1, '1042', '5'),
       ('152', 'ACH Credit - Intracompany', 'Payments', 'approve', 1, '1042', '6'),
       ('153', 'ACH Credit - Intracompany', 'Payments', 'cancel', 1, '1042', '7'),
       ('154', 'SEPA CT - Intracompany', 'Payments', 'view', 1, '1043', '2'),
       ('155', 'SEPA CT - Intracompany', 'Payments', 'create', 1, '1043', '3'),
       ('156', 'SEPA CT - Intracompany', 'Payments', 'edit', 1, '1043', '4'),
       ('157', 'SEPA CT - Intracompany', 'Payments', 'delete', 1, '1043', '5'),
       ('158', 'SEPA CT - Intracompany', 'Payments', 'approve', 1, '1043', '6'),
       ('159', 'SEPA CT - Intracompany', 'Payments', 'cancel', 1, '1043', '7'),
       ('160', 'US Domestic Wire - Intracompany', 'Payments', 'view', 1, '1044', '2'),
       ('161', 'US Domestic Wire - Intracompany', 'Payments', 'create', 1, '1044', '3'),
       ('162', 'US Domestic Wire - Intracompany', 'Payments', 'edit', 1, '1044', '4'),
       ('163', 'US Domestic Wire - Intracompany', 'Payments', 'delete', 1, '1044', '5'),
       ('164', 'US Domestic Wire - Intracompany', 'Payments', 'approve', 1, '1044', '6'),
       ('165', 'US Domestic Wire - Intracompany', 'Payments', 'cancel', 1, '1044', '7'),
       ('166', 'US Foreign Wire - Intracompany', 'Payments', 'view', 1, '1045', '2'),
       ('167', 'US Foreign Wire - Intracompany', 'Payments', 'create', 1, '1045', '3'),
       ('168', 'US Foreign Wire - Intracompany', 'Payments', 'edit', 1, '1045', '4'),
       ('169', 'US Foreign Wire - Intracompany', 'Payments', 'delete', 1, '1045', '5'),
       ('170', 'US Foreign Wire - Intracompany', 'Payments', 'approve', 1, '1045', '6'),
       ('171', 'US Foreign Wire - Intracompany', 'Payments', 'cancel', 1, '1045', '7'),
       ('172', 'Manage Legal Entities', 'Legal Entity', 'create', '0', '1011', '3'),
       ('173', 'Manage Legal Entities', 'Legal Entity', 'edit', '0', '1011', '4'),
       ('174', 'Manage Legal Entities', 'Legal Entity', 'delete', '0', '1011', '5'),
       ('175', 'Manage Legal Entities', 'Legal Entity', 'approve', '0', '1011', '6'),
       ('176', 'ACH Debit', 'Payments', 'view', 1, '1046', '2'),
       ('177', 'ACH Debit', 'Payments', 'create', 1, '1046', '3'),
       ('178', 'ACH Debit', 'Payments', 'edit', 1, '1046', '4'),
       ('179', 'ACH Debit', 'Payments', 'delete', 1, '1046', '5'),
       ('180', 'ACH Debit', 'Payments', 'approve', 1, '1046', '6'),
       ('181', 'ACH Debit', 'Payments', 'cancel', 1, '1046', '7'),
       ('182', 'Manage Budgets', 'Personal Finance Management', 'view', 0, '1047', '2'),
       ('183', 'Manage Budgets', 'Personal Finance Management', 'create', 0, '1047', '3'),
       ('184', 'Manage Budgets', 'Personal Finance Management', 'edit', 0, '1047', '4'),
       ('185', 'Manage Budgets', 'Personal Finance Management', 'delete', 0, '1047', '5'),
       ('186', 'Manage Saving Goals', 'Personal Finance Management', 'view', 0, '1048', '2'),
       ('187', 'Manage Saving Goals', 'Personal Finance Management', 'create', 0, '1048', '3'),
       ('188', 'Manage Saving Goals', 'Personal Finance Management', 'edit', 0, '1048', '4'),
       ('189', 'Manage Saving Goals', 'Personal Finance Management', 'delete', 0, '1048', '5'),
       ('190', 'Manage Shadow Limits', 'Limits', 'approve', 0, '1014', '6'),
       ('191', 'Manage Limits', 'Limits', 'approve', 0, '1012', '6'),
       ('192', 'Lock User', 'Identities', 'view', 0, '1049', '2'),
       ('193', 'Lock User', 'Identities', 'create', 0, '1049', '3'),
       ('194', 'Lock User', 'Identities', 'edit', 0, '1049', '4'),
       ('195', 'Lock User', 'Identities', 'approve', 0, '1049', '6'),
       ('196', 'Unlock User', 'Identities', 'view', 0, '1050', '2'),
       ('197', 'Unlock User', 'Identities', 'create', 0, '1050', '3'),
       ('198', 'Unlock User', 'Identities', 'edit', 0, '1050', '4'),
       ('199', 'Unlock User', 'Identities', 'approve', 0, '1050', '6'),
       ('200', 'Manage Identities', 'Identities', 'approve', 0, '1034', '6'),
       ('201', 'Manage Devices', 'Device', 'view', 0, '1051', '2'),
       ('202', 'Manage Devices', 'Device', 'edit', 0, '1051', '4'),
       ('203', 'SEPA CT - closed', 'Payments', 'view', 1, '1052', '2'),
       ('204', 'SEPA CT - closed', 'Payments', 'create', 1, '1052', '3'),
       ('205', 'SEPA CT - closed', 'Payments', 'edit', 1, '1052', '4'),
       ('206', 'SEPA CT - closed', 'Payments', 'delete', 1, '1052', '5'),
       ('207', 'SEPA CT - closed', 'Payments', 'approve', 1, '1052', '6'),
       ('208', 'SEPA CT - closed', 'Payments', 'cancel', 1, '1052', '7'),
       ('209', 'A2A Transfer', 'Payments', 'view', 1, '1053', '2'),
       ('210', 'A2A Transfer', 'Payments', 'create', 1, '1053', '3'),
       ('211', 'A2A Transfer', 'Payments', 'edit', 1, '1053', '4'),
       ('212', 'A2A Transfer', 'Payments', 'delete', 1, '1053', '5'),
       ('213', 'A2A Transfer', 'Payments', 'approve', 1, '1053', '6'),
       ('214', 'A2A Transfer', 'Payments', 'cancel', 1, '1053', '7'),
       ('215', 'Manage Case', 'Flow', 'view', '0', '1054', '2'),
       ('216', 'Manage Case', 'Flow', 'create', '0', '1054', '3'),
       ('217', 'Manage Case', 'Flow', 'edit', '0', '1054', '4'),
       ('218', 'Manage Case', 'Flow', 'delete', '0', '1054', '5'),
       ('219', 'Archive Case', 'Flow', 'execute', '0', '1055', '1'),
       ('220', 'Manage Case Documents', 'Flow', 'view', '0', '1056', '2'),
       ('221', 'Manage Case Documents', 'Flow', 'create', '0', '1056', '3'),
       ('222', 'Manage Case Documents', 'Flow', 'delete', '0', '1056', '5'),
       ('223', 'Manage Case Comments', 'Flow', 'view', '0', '1057', '2'),
       ('224', 'Manage Case Comments', 'Flow', 'create', '0', '1057', '3'),
       ('225', 'Manage Case Comments', 'Flow', 'edit', '0', '1057', '4'),
       ('226', 'Manage Case Comments', 'Flow', 'delete', '0', '1057', '5'),
       ('227', 'Access Case Changelog', 'Flow', 'view', '0', '1058', '2'),
       ('228', 'Access Case Statistics', 'Flow', 'view', '0', '1059', '2'),
       ('229', 'Access Journey Statistics', 'Flow', 'view', '0', '1060', '2'),
       ('230', 'Access Journey Definitions', 'Flow', 'view', '0', '1061', '2'),
       ('231', 'Assign Task', 'Flow', 'execute', '0', '1062', '1'),
       ('232', 'Manage Task Dates', 'Flow', 'view', '0', '1063', '2'),
       ('233', 'Manage Task Dates', 'Flow', 'create', '0', '1063', '3'),
       ('234', 'Manage Task Dates', 'Flow', 'edit', '0', '1063', '4'),
       ('235', 'Manage Task Dates', 'Flow', 'delete', '0', '1063', '5'),
       ('236', 'Manage Task', 'Flow', 'execute', '0', '1064', '1'),
       ('237', 'Manage Task', 'Flow', 'view', '0', '1064', '2'),
       ('238', 'Stop Checks', 'Payments', 'view', '0', '1065', '2'),
       ('239', 'Stop Checks', 'Payments', 'create', '0', '1065', '3'),
       ('240', 'Stop Checks', 'Payments', 'edit', '0', '1065', '4'),
       ('241', 'Stop Checks', 'Payments', 'delete', '0', '1065', '5'),
       ('242', 'Stop Checks', 'Payments', 'approve', '0', '1065', '6'),
       ('243', 'Stop Checks', 'Payments', 'cancel', '0', '1065', '7'),
       ('244', 'Manage Devices', 'Device', 'delete', '0', '1051', '5'),
       ('245', 'Manage Other User''s Devices', 'Device', 'view', '0', '1066', '2'),
       ('246', 'Manage Other User''s Devices', 'Device', 'edit', '0', '1066', '4'),
       ('247', 'Manage Other User''s Devices', 'Device', 'delete', '0', '1066', '5'),
       ('248', 'Batch - ACH Credit', 'Batch', 'view', 1, '1067', '2'),
       ('249', 'Batch - ACH Credit', 'Batch', 'create', 1, '1067', '3'),
       ('250', 'Batch - ACH Credit', 'Batch', 'edit', 1, '1067', '4'),
       ('251', 'Batch - ACH Credit', 'Batch', 'delete', 1, '1067', '5'),
       ('252', 'Batch - ACH Credit', 'Batch', 'approve', 1, '1067', '6'),
       ('253', 'Batch - ACH Credit', 'Batch', 'cancel', 1, '1067', '7'),
       ('254', 'Cash Flow Forecasting', 'Cash Flow', 'view', '1', '1068', '2'),
       ('255', 'Cash Flow Forecasting', 'Cash Flow', 'create', '1', '1068', '3'),
       ('256', 'Cash Flow Forecasting', 'Cash Flow', 'edit', '1', '1068', '4'),
       ('257', 'Cash Flow Forecasting', 'Cash Flow', 'delete', '1', '1068', '5'),
       ('258', 'Manage User Profiles', 'User Profiles', 'create', '0', '1035', '3'),
       ('259', 'Manage User Profiles', 'User Profiles', 'delete', '0', '1035', '5'),
       ('260', 'Batch - ACH Debit', 'Batch', 'view', 1, '1069', '2'),
       ('261', 'Batch - ACH Debit', 'Batch', 'create', 1, '1069', '3'),
       ('262', 'Batch - ACH Debit', 'Batch', 'edit', 1, '1069', '4'),
       ('263', 'Batch - ACH Debit', 'Batch', 'delete', 1, '1069', '5'),
       ('264', 'Batch - ACH Debit', 'Batch', 'approve', 1, '1069', '6'),
       ('265', 'Batch - ACH Debit', 'Batch', 'cancel', 1, '1069', '7'),
       ('266', 'P2P Transfer', 'Payments', 'view', 1, '1070', '2'),
       ('267', 'P2P Transfer', 'Payments', 'create', 1, '1070', '3'),
       ('268', 'P2P Transfer', 'Payments', 'edit', 1, '1070', '4'),
       ('269', 'P2P Transfer', 'Payments', 'delete', 1, '1070', '5'),
       ('270', 'P2P Transfer', 'Payments', 'approve', 1, '1070', '6'),
       ('271', 'P2P Transfer', 'Payments', 'cancel', 1, '1070', '7'),
       ('272', 'Payment Templates', 'Payments', 'view', 0, '1071', '2'),
       ('273', 'Payment Templates', 'Payments', 'create', 0, '1071', '3'),
       ('274', 'Payment Templates', 'Payments', 'edit', 0, '1071', '4'),
       ('275', 'Payment Templates', 'Payments', 'delete', 0, '1071', '5'),
       ('276', 'Payment Templates', 'Payments', 'approve', 0, '1071', '6'),
       ('277', 'Access Task Statistics', 'Flow', 'view', 0, '1072', '2'),
       ('278', 'UK CHAPS', 'Payments', 'view', 1, '1073', '2'),
       ('279', 'UK CHAPS', 'Payments', 'create', 1, '1073', '3'),
       ('280', 'UK CHAPS', 'Payments', 'edit', 1, '1073', '4'),
       ('281', 'UK CHAPS', 'Payments', 'delete', 1, '1073', '5'),
       ('282', 'UK CHAPS', 'Payments', 'approve', 1, '1073', '6'),
       ('283', 'UK CHAPS', 'Payments', 'cancel', 1, '1073', '7'),
       ('284', 'UK Faster Payments', 'Payments', 'view', 1, '1074', '2'),
       ('285', 'UK Faster Payments', 'Payments', 'create', 1, '1074', '3'),
       ('286', 'UK Faster Payments', 'Payments', 'edit', 1, '1074', '4'),
       ('287', 'UK Faster Payments', 'Payments', 'delete', 1, '1074', '5'),
       ('288', 'UK Faster Payments', 'Payments', 'approve', 1, '1074', '6'),
       ('289', 'UK Faster Payments', 'Payments', 'cancel', 1, '1074', '7'),
       ('290', 'Emulate', 'Employee', 'view', 0, '1075', '2'),
       ('291', 'Emulate', 'Employee', 'execute', 0, '1075', '1'),
       ('292', 'Act on behalf of', 'Employee', 'execute', 0, '1076', '1'),
       ('293', 'Access Collections', 'Flow', 'view', 0, '1077', '2'),
       ('294', 'Manage Authorized Users', 'User', 'view', 1, '1078', '2'),
       ('295', 'Manage Authorized Users', 'User', 'create', 1, '1078', '3'),
       ('296', 'Manage Authorized Users', 'User', 'edit', 1, '1078', '4'),
       ('297', 'Batch - Intracompany Payments', 'Batch', 'view', 0, '1079', '2'),
       ('298', 'Batch - Intracompany Payments', 'Batch', 'create', 1, '1079', '3'),
       ('299', 'Batch - Intracompany Payments', 'Batch', 'edit', 0, '1079', '4'),
       ('300', 'Batch - Intracompany Payments', 'Batch', 'delete', 0, '1079', '5'),
       ('301', 'Batch - Intracompany Payments', 'Batch', 'approve', 1, '1079', '6'),
       ('302', 'Batch - Intracompany Payments', 'Batch', 'cancel', 0, '1079', '7'),
       ('303', 'Manage Employee Comments', 'Comments', 'view', 0, '1080', '2'),
       ('304', 'Manage Employee Comments', 'Comments', 'create', 0, '1080', '3'),
       ('305', 'Manage Employee Comments', 'Comments', 'edit', 0, '1080', '4'),
       ('306', 'Manage Employee Comments', 'Comments', 'delete', 0, '1080', '5'),
       ('307', 'Manage Positive Pay', 'Payments', 'view', 0, '1081', '2'),
       ('308', 'Manage Positive Pay', 'Payments', 'create', 0, '1081', '3'),
       ('309', 'Manage Positive Pay', 'Payments', 'edit', 0, '1081', '4'),
       ('310', 'Manage Positive Pay', 'Payments', 'delete', 0, '1081', '5'),
       ('311', 'Manage Positive Pay', 'Payments', 'cancel', 0, '1081', '7'),
       ('312', 'Manage Arrangement Alias', 'Product Summary', 'edit', 0, '1082', '4'),
       ('313', 'Manage Pockets', 'Personal Finance Management', 'create', 0, '1083', '3'),
       ('314', 'Manage Pockets', 'Personal Finance Management', 'view', 0, '1083', '2'),
       ('315', 'Manage Pockets', 'Personal Finance Management', 'delete', 0, '1083', '5'),
       ('316', 'Manage Pockets', 'Personal Finance Management', 'execute', 0, '1083', '1'),
       ('317', 'Revoke access', 'Identities', 'create', 0, '1084', '3'),
       ('318', 'Product Summary Limited View', 'Product Summary', 'view', 0, '1085', '2'),
       ('319', 'Product Summary Limited View', 'Product Summary', 'edit', 0, '1085', '4'),
       ('320', 'Manage Engagement Events', 'Actions', 'view', 0, '1086','2'),
       ('321', 'Manage Engagement Events', 'Actions', 'create', 0, '1086','3'),
       ('322', 'Manage Engagement Events', 'Actions', 'edit', 0, '1086','4'),
       ('323', 'Manage Engagement Events', 'Actions', 'delete', 0, '1086','5'),
       ('324', 'Manage Engagement Events', 'Actions', 'approve', 0, '1086','6'),
       ('325', 'Manage Portfolio', 'Portfolio', 'view', 0, '1087','2'),
       ('326', 'Manage Portfolio', 'Portfolio', 'create', 0, '1087','3'),
       ('327', 'Manage Portfolio', 'Portfolio', 'edit', 0, '1087','4'),
       ('328', 'Manage Portfolio', 'Portfolio', 'delete', 0, '1087','5'),
       ('329', 'Manage Portfolio', 'Portfolio', 'approve', 0, '1087','6'),
       ('330', 'Manage Order', 'Portfolio', 'view', 0, '1088','2'),
       ('331', 'Manage Order', 'Portfolio', 'create', 0, '1088','3'),
       ('332', 'Manage Order', 'Portfolio', 'edit', 0, '1088','4'),
       ('333', 'Manage Order', 'Portfolio', 'delete', 0, '1088','5'),
       ('334', 'Manage Order', 'Portfolio', 'approve', 0, '1088','6'),
       ('335', 'Manage Pockets', 'Personal Finance Management', 'edit', 0, '1083', '4'),
       ('336', 'Manage Cards', 'Personal Finance Management', 'view', 1, '1089', '2'),
       ('337', 'Manage Cards', 'Personal Finance Management', 'create', 1, '1089', '3'),
       ('338', 'Manage Cards', 'Personal Finance Management', 'edit', 1, '1089', '4'),
       ('339', 'Manage Cards', 'Personal Finance Management', 'delete', 1, '1089', '5'),
       ('340', 'Places', 'Personal Finance Management', 'view', 0, '1090', '2'),
       ('341', 'Remote Deposit Capture', 'Payments', 'view', 1, '1091', '2'),
       ('342', 'Remote Deposit Capture', 'Payments', 'create', 1, '1091', '3'),
       ('343', 'Remote Deposit Capture', 'Payments', 'edit', 1, '1091', '4'),
       ('344', 'Remote Deposit Capture', 'Payments', 'delete', 1, '1091', '5'),
       ('345', 'Audit Emulation', 'Audit', 'view', 0, '1092', '2'),
       ('346', 'Identity Impersonation', 'Identities', 'execute', 0, '1093', '1'),
       ('347', 'Manage Aggregate Portfolio', 'Portfolio', 'view', 0, '1094', '2'),
       ('348', 'Manage Aggregate Portfolio', 'Portfolio', 'create', 0, '1094', '3'),
       ('349', 'Manage Aggregate Portfolio', 'Portfolio', 'edit', 0, '1094', '4'),
       ('350', 'Manage Aggregate Portfolio', 'Portfolio', 'delete', 0, '1094', '5'),
       ('351', 'Manage Aggregate Portfolio', 'Portfolio', 'approve', 0, '1094', '6'),
       ('352', 'Batch Templates', 'Batch', 'view', 0, '1095', '2'),
       ('353', 'Batch Templates', 'Batch', 'create', 0, '1095', '3'),
       ('354', 'Batch Templates', 'Batch', 'edit', 0, '1095', '4'),
       ('355', 'Batch Templates', 'Batch', 'delete', 0, '1095', '5'),
       ('356', 'Batch Templates', 'Batch', 'approve', 0, '1095', '6'),
       ('357', 'Manage ACH Positive Pay', 'Payments', 'view', 0, '1096', '2'),
       ('358', 'Manage ACH Positive Pay', 'Payments', 'create', 0, '1096', '3'),
       ('359', 'Manage ACH Positive Pay', 'Payments', 'edit', 0, '1096', '4'),
       ('360', 'Manage ACH Positive Pay', 'Payments', 'delete', 0, '1096', '5'),
       ('361', 'Manage ACH Positive Pay', 'Payments', 'cancel', 0, '1096', '7'),
       ('362', 'Manage Account Reconciliation', 'Payments', 'view', 0, '1097', '2'),
       ('363', 'Manage Account Reconciliation', 'Payments', 'create', 0, '1097', '3'),
       ('364', 'Manage Account Reconciliation', 'Payments', 'edit', 0, '1097', '4'),
       ('365', 'Manage Account Reconciliation', 'Payments', 'delete', 0, '1097', '5'),
       ('366', 'Batch - List Confidential', 'Batch', 'view', 0, '1098', '2'),
       ('367', 'Batch - Manage Confidential', 'Batch', 'execute', 0, '1099', '1');

-- INITIALIZING USER ASSIGNABLE PERMISSION SET

INSERT INTO [assignable_permission_set] (
    [id],
    [description],
    [name],
    [type]
) VALUES (
    1,
    'This Assignable Permission Set (APS) contains all available Business Function/Privilege pairs',
    'Regular user APS',
    0
);

-- INITIALIZING ADMIN ASSIGNABLE PERMISSION SET

INSERT INTO [assignable_permission_set] (
    [id],
    [description],
    [name],
    [type]
) VALUES (
    2,
    'This Assignable Permission Set (APS) contains all available Entitlements Business Function/Privilege pairs.',
    'Admin user APS',
    1
);

-- CUSTOMIZING ALREADY INITIALIZED ASSIGNABLE PERMISSION SETS

INSERT INTO [assignable_permission_set_item] (
    [assignable_permission_set_id],
    [function_privilege_id]
)
    SELECT
        2,
        [afp].[id]
    FROM
        [applicable_function_privilege] afp
    WHERE
    [afp].[id] IN (
            '13',
            '14',
            '15',
            '19',
            '20',
            '21',
            '22',
            '23',
            '54',
            '55',
            '56',
            '57',
            '59',
            '60',
            '61',
            '62',
            '83',
            '84',
            '85',
            '86',
            '172',
            '173',
            '174'
        );

INSERT INTO [assignable_permission_set_item] (
    [assignable_permission_set_id],
    [function_privilege_id]
)
    SELECT
        1,
        [id]
    FROM
        [applicable_function_privilege];