-- new business functions
INSERT INTO BUSINESS_FUNCTION(ID, FUNCTION_CODE, FUNCTION_NAME, RESOURCE_CODE, RESOURCE_NAME)
VALUES
('1089', 'manage.cards', 'Manage Cards', 'personal.finance.management', 'Personal Finance Management');

INSERT INTO BUSINESS_FUNCTION(ID, FUNCTION_CODE, FUNCTION_NAME, RESOURCE_CODE, RESOURCE_NAME)
VALUES
('1090', 'places', 'Places', 'personal.finance.management', 'Personal Finance Management');

INSERT INTO BUSINESS_FUNCTION(ID, FUNCTION_CODE, FUNCTION_NAME, RESOURCE_CODE, RESOURCE_NAME)
VALUES
('1091', 'remote.deposit.capture', 'Remote Deposit Capture', 'payments', 'Payments');

INSERT INTO BUSINESS_FUNCTION(ID, FUNCTION_CODE, FUNCTION_NAME, RESOURCE_CODE, RESOURCE_NAME)
VALUES
('1092', 'audit.emulation', 'Audit Emulation', 'audit', 'Audit');

INSERT INTO BUSINESS_FUNCTION(ID, FUNCTION_CODE, FUNCTION_NAME, RESOURCE_CODE, RESOURCE_NAME)
VALUES
('1093', 'identity.impersonation', 'Identity Impersonation', 'identities', 'Identities');

UPDATE BUSINESS_FUNCTION
SET RESOURCE_CODE = 'batch', RESOURCE_NAME = 'Batch'
WHERE ID = '1079';

INSERT INTO APPLICABLE_FUNCTION_PRIVILEGE
(ID, BUSINESS_FUNCTION_NAME, FUNCTION_RESOURCE_NAME, PRIVILEGE_NAME, SUPPORTS_LIMIT, BUSINESS_FUNCTION_ID, PRIVILEGE_ID)
VALUES
('335', 'Manage Pockets', 'Personal Finance Management', 'edit', 0, '1083', '4');

INSERT INTO APPLICABLE_FUNCTION_PRIVILEGE
(ID, BUSINESS_FUNCTION_NAME, FUNCTION_RESOURCE_NAME, PRIVILEGE_NAME, SUPPORTS_LIMIT, BUSINESS_FUNCTION_ID, PRIVILEGE_ID)
VALUES
('336', 'Manage Cards', 'Personal Finance Management', 'view', 1, '1089', '2');

INSERT INTO APPLICABLE_FUNCTION_PRIVILEGE
(ID, BUSINESS_FUNCTION_NAME, FUNCTION_RESOURCE_NAME, PRIVILEGE_NAME, SUPPORTS_LIMIT, BUSINESS_FUNCTION_ID, PRIVILEGE_ID)
VALUES
('337', 'Manage Cards', 'Personal Finance Management', 'create', 1, '1089', '3');

INSERT INTO APPLICABLE_FUNCTION_PRIVILEGE
(ID, BUSINESS_FUNCTION_NAME, FUNCTION_RESOURCE_NAME, PRIVILEGE_NAME, SUPPORTS_LIMIT, BUSINESS_FUNCTION_ID, PRIVILEGE_ID)
VALUES
('338', 'Manage Cards', 'Personal Finance Management', 'edit', 1, '1089', '4');

INSERT INTO APPLICABLE_FUNCTION_PRIVILEGE
(ID, BUSINESS_FUNCTION_NAME, FUNCTION_RESOURCE_NAME, PRIVILEGE_NAME, SUPPORTS_LIMIT, BUSINESS_FUNCTION_ID, PRIVILEGE_ID)
VALUES
('339', 'Manage Cards', 'Personal Finance Management', 'delete', 1, '1089', '5');

INSERT INTO APPLICABLE_FUNCTION_PRIVILEGE
(ID, BUSINESS_FUNCTION_NAME, FUNCTION_RESOURCE_NAME, PRIVILEGE_NAME, SUPPORTS_LIMIT, BUSINESS_FUNCTION_ID, PRIVILEGE_ID)
VALUES
('340', 'Places', 'Personal Finance Management', 'view', 0, '1090', '2');

INSERT INTO APPLICABLE_FUNCTION_PRIVILEGE
(ID, BUSINESS_FUNCTION_NAME, FUNCTION_RESOURCE_NAME, PRIVILEGE_NAME, SUPPORTS_LIMIT, BUSINESS_FUNCTION_ID, PRIVILEGE_ID)
VALUES
('341', 'Remote Deposit Capture', 'Payments', 'view', 1, '1091', '2');

INSERT INTO APPLICABLE_FUNCTION_PRIVILEGE
(ID, BUSINESS_FUNCTION_NAME, FUNCTION_RESOURCE_NAME, PRIVILEGE_NAME, SUPPORTS_LIMIT, BUSINESS_FUNCTION_ID, PRIVILEGE_ID)
VALUES
('342', 'Remote Deposit Capture', 'Payments', 'create', 1, '1091', '3');

INSERT INTO APPLICABLE_FUNCTION_PRIVILEGE
(ID, BUSINESS_FUNCTION_NAME, FUNCTION_RESOURCE_NAME, PRIVILEGE_NAME, SUPPORTS_LIMIT, BUSINESS_FUNCTION_ID, PRIVILEGE_ID)
VALUES
('343', 'Remote Deposit Capture', 'Payments', 'edit', 1, '1091', '4');

INSERT INTO APPLICABLE_FUNCTION_PRIVILEGE
(ID, BUSINESS_FUNCTION_NAME, FUNCTION_RESOURCE_NAME, PRIVILEGE_NAME, SUPPORTS_LIMIT, BUSINESS_FUNCTION_ID, PRIVILEGE_ID)
VALUES
('344', 'Remote Deposit Capture', 'Payments', 'delete', 1, '1091', '5');

INSERT INTO APPLICABLE_FUNCTION_PRIVILEGE
(ID, BUSINESS_FUNCTION_NAME, FUNCTION_RESOURCE_NAME, PRIVILEGE_NAME, SUPPORTS_LIMIT, BUSINESS_FUNCTION_ID, PRIVILEGE_ID)
VALUES
('345', 'Audit Emulation', 'Audit', 'view', 0, '1092', '2');

INSERT INTO APPLICABLE_FUNCTION_PRIVILEGE
(ID, BUSINESS_FUNCTION_NAME, FUNCTION_RESOURCE_NAME, PRIVILEGE_NAME, SUPPORTS_LIMIT, BUSINESS_FUNCTION_ID, PRIVILEGE_ID)
VALUES
('346', 'Identity Impersonation', 'Identities', 'execute', 0, '1093', '1');

UPDATE APPLICABLE_FUNCTION_PRIVILEGE
SET FUNCTION_RESOURCE_NAME = 'Batch'
WHERE ID IN ('297', '298', '299', '300', '301', '302');

INSERT INTO ASSIGNABLE_PERMISSION_SET_ITEM
(ASSIGNABLE_PERMISSION_SET_ID, FUNCTION_PRIVILEGE_ID)
VALUES
(1, '335');

INSERT INTO ASSIGNABLE_PERMISSION_SET_ITEM
(ASSIGNABLE_PERMISSION_SET_ID, FUNCTION_PRIVILEGE_ID)
VALUES
(1, '336');

INSERT INTO ASSIGNABLE_PERMISSION_SET_ITEM
(ASSIGNABLE_PERMISSION_SET_ID, FUNCTION_PRIVILEGE_ID)
VALUES
(1, '337');

INSERT INTO ASSIGNABLE_PERMISSION_SET_ITEM
(ASSIGNABLE_PERMISSION_SET_ID, FUNCTION_PRIVILEGE_ID)
VALUES
(1, '338');

INSERT INTO ASSIGNABLE_PERMISSION_SET_ITEM
(ASSIGNABLE_PERMISSION_SET_ID, FUNCTION_PRIVILEGE_ID)
VALUES
(1, '339');

INSERT INTO ASSIGNABLE_PERMISSION_SET_ITEM
(ASSIGNABLE_PERMISSION_SET_ID, FUNCTION_PRIVILEGE_ID)
VALUES
(1, '340');

INSERT INTO ASSIGNABLE_PERMISSION_SET_ITEM
(ASSIGNABLE_PERMISSION_SET_ID, FUNCTION_PRIVILEGE_ID)
VALUES
(1, '341');

INSERT INTO ASSIGNABLE_PERMISSION_SET_ITEM
(ASSIGNABLE_PERMISSION_SET_ID, FUNCTION_PRIVILEGE_ID)
VALUES
(1, '342');

INSERT INTO ASSIGNABLE_PERMISSION_SET_ITEM
(ASSIGNABLE_PERMISSION_SET_ID, FUNCTION_PRIVILEGE_ID)
VALUES
(1, '343');

INSERT INTO ASSIGNABLE_PERMISSION_SET_ITEM
(ASSIGNABLE_PERMISSION_SET_ID, FUNCTION_PRIVILEGE_ID)
VALUES
(1, '344');

INSERT INTO ASSIGNABLE_PERMISSION_SET_ITEM
(ASSIGNABLE_PERMISSION_SET_ID, FUNCTION_PRIVILEGE_ID)
VALUES
(1, '345');

INSERT INTO ASSIGNABLE_PERMISSION_SET_ITEM
(ASSIGNABLE_PERMISSION_SET_ID, FUNCTION_PRIVILEGE_ID)
VALUES
(1, '346');

commit;
