-- new business functions
INSERT INTO BUSINESS_FUNCTION(ID, FUNCTION_CODE, FUNCTION_NAME, RESOURCE_CODE, RESOURCE_NAME)
VALUES
('1083', 'manage.pockets', 'Manage Pockets', 'personal.finance.management', 'Personal Finance Management');

INSERT INTO BUSINESS_FUNCTION(ID, FUNCTION_CODE, FUNCTION_NAME, RESOURCE_CODE, RESOURCE_NAME)
VALUES
('1084', 'revoke.access', 'Revoke access', 'identities', 'Identities');

INSERT INTO BUSINESS_FUNCTION(ID, FUNCTION_CODE, FUNCTION_NAME, RESOURCE_CODE, RESOURCE_NAME)
VALUES
('1085', 'product.summary.limited.view', 'Product Summary Limited View', 'product.summary', 'Product Summary');

INSERT INTO BUSINESS_FUNCTION(ID, FUNCTION_CODE, FUNCTION_NAME, RESOURCE_CODE, RESOURCE_NAME)
VALUES
('1086', 'manage.engagement.events', 'Manage Engagement Events', 'actions', 'Actions');

INSERT INTO BUSINESS_FUNCTION(ID, FUNCTION_CODE, FUNCTION_NAME, RESOURCE_CODE, RESOURCE_NAME)
VALUES
('1087', 'manage.portfolio', 'Manage Portfolio', 'portfolio', 'Portfolio');

INSERT INTO BUSINESS_FUNCTION(ID, FUNCTION_CODE, FUNCTION_NAME, RESOURCE_CODE, RESOURCE_NAME)
VALUES
('1088', 'manage.order', 'Manage Order', 'portfolio', 'Portfolio');

INSERT INTO APPLICABLE_FUNCTION_PRIVILEGE
(ID, BUSINESS_FUNCTION_NAME, FUNCTION_RESOURCE_NAME, PRIVILEGE_NAME, SUPPORTS_LIMIT, BUSINESS_FUNCTION_ID, PRIVILEGE_ID)
VALUES
('313', 'Manage Pockets', 'Personal Finance Management', 'create', 0, '1083', '3');

INSERT INTO APPLICABLE_FUNCTION_PRIVILEGE
(ID, BUSINESS_FUNCTION_NAME, FUNCTION_RESOURCE_NAME, PRIVILEGE_NAME, SUPPORTS_LIMIT, BUSINESS_FUNCTION_ID, PRIVILEGE_ID)
VALUES
('314', 'Manage Pockets', 'Personal Finance Management', 'view', 0, '1083', '2');

INSERT INTO APPLICABLE_FUNCTION_PRIVILEGE
(ID, BUSINESS_FUNCTION_NAME, FUNCTION_RESOURCE_NAME, PRIVILEGE_NAME, SUPPORTS_LIMIT, BUSINESS_FUNCTION_ID, PRIVILEGE_ID)
VALUES
('315', 'Manage Pockets', 'Personal Finance Management', 'delete', 0, '1083', '5');

INSERT INTO APPLICABLE_FUNCTION_PRIVILEGE
(ID, BUSINESS_FUNCTION_NAME, FUNCTION_RESOURCE_NAME, PRIVILEGE_NAME, SUPPORTS_LIMIT, BUSINESS_FUNCTION_ID, PRIVILEGE_ID)
VALUES
('316', 'Manage Pockets', 'Personal Finance Management', 'execute', 0, '1083', '1');

INSERT INTO APPLICABLE_FUNCTION_PRIVILEGE
(ID, BUSINESS_FUNCTION_NAME, FUNCTION_RESOURCE_NAME, PRIVILEGE_NAME, SUPPORTS_LIMIT, BUSINESS_FUNCTION_ID, PRIVILEGE_ID)
VALUES
('317', 'Revoke access', 'Identities', 'create', 0, '1084', '3');

INSERT INTO APPLICABLE_FUNCTION_PRIVILEGE
(ID, BUSINESS_FUNCTION_NAME, FUNCTION_RESOURCE_NAME, PRIVILEGE_NAME, SUPPORTS_LIMIT, BUSINESS_FUNCTION_ID, PRIVILEGE_ID)
VALUES
('318', 'Product Summary Limited View', 'Product Summary', 'view', 0, '1085', '2');

INSERT INTO APPLICABLE_FUNCTION_PRIVILEGE
(ID, BUSINESS_FUNCTION_NAME, FUNCTION_RESOURCE_NAME, PRIVILEGE_NAME, SUPPORTS_LIMIT, BUSINESS_FUNCTION_ID, PRIVILEGE_ID)
VALUES
('319', 'Product Summary Limited View', 'Product Summary', 'edit', 0, '1085', '4');

INSERT INTO APPLICABLE_FUNCTION_PRIVILEGE
(ID, BUSINESS_FUNCTION_NAME, FUNCTION_RESOURCE_NAME, PRIVILEGE_NAME, SUPPORTS_LIMIT, BUSINESS_FUNCTION_ID, PRIVILEGE_ID)
VALUES
('320', 'Manage Engagement Events', 'Actions', 'view', 0, '1086','2');

INSERT INTO APPLICABLE_FUNCTION_PRIVILEGE
(ID, BUSINESS_FUNCTION_NAME, FUNCTION_RESOURCE_NAME, PRIVILEGE_NAME, SUPPORTS_LIMIT, BUSINESS_FUNCTION_ID, PRIVILEGE_ID)
VALUES
('321', 'Manage Engagement Events', 'Actions', 'create', 0, '1086','3');

INSERT INTO APPLICABLE_FUNCTION_PRIVILEGE
(ID, BUSINESS_FUNCTION_NAME, FUNCTION_RESOURCE_NAME, PRIVILEGE_NAME, SUPPORTS_LIMIT, BUSINESS_FUNCTION_ID, PRIVILEGE_ID)
VALUES
('322', 'Manage Engagement Events', 'Actions', 'edit', 0, '1086','4');

INSERT INTO APPLICABLE_FUNCTION_PRIVILEGE
(ID, BUSINESS_FUNCTION_NAME, FUNCTION_RESOURCE_NAME, PRIVILEGE_NAME, SUPPORTS_LIMIT, BUSINESS_FUNCTION_ID, PRIVILEGE_ID)
VALUES
('323', 'Manage Engagement Events', 'Actions', 'delete', 0, '1086','5');

INSERT INTO APPLICABLE_FUNCTION_PRIVILEGE
(ID, BUSINESS_FUNCTION_NAME, FUNCTION_RESOURCE_NAME, PRIVILEGE_NAME, SUPPORTS_LIMIT, BUSINESS_FUNCTION_ID, PRIVILEGE_ID)
VALUES
('324', 'Manage Engagement Events', 'Actions', 'approve', 0, '1086','6');

INSERT INTO APPLICABLE_FUNCTION_PRIVILEGE
(ID, BUSINESS_FUNCTION_NAME, FUNCTION_RESOURCE_NAME, PRIVILEGE_NAME, SUPPORTS_LIMIT, BUSINESS_FUNCTION_ID, PRIVILEGE_ID)
VALUES
('325', 'Manage Portfolio', 'Portfolio', 'view', 0, '1087','2');

INSERT INTO APPLICABLE_FUNCTION_PRIVILEGE
(ID, BUSINESS_FUNCTION_NAME, FUNCTION_RESOURCE_NAME, PRIVILEGE_NAME, SUPPORTS_LIMIT, BUSINESS_FUNCTION_ID, PRIVILEGE_ID)
VALUES
('326', 'Manage Portfolio', 'Portfolio', 'create', 0, '1087','3');

INSERT INTO APPLICABLE_FUNCTION_PRIVILEGE
(ID, BUSINESS_FUNCTION_NAME, FUNCTION_RESOURCE_NAME, PRIVILEGE_NAME, SUPPORTS_LIMIT, BUSINESS_FUNCTION_ID, PRIVILEGE_ID)
VALUES
('327', 'Manage Portfolio', 'Portfolio', 'edit', 0, '1087','4');

INSERT INTO APPLICABLE_FUNCTION_PRIVILEGE
(ID, BUSINESS_FUNCTION_NAME, FUNCTION_RESOURCE_NAME, PRIVILEGE_NAME, SUPPORTS_LIMIT, BUSINESS_FUNCTION_ID, PRIVILEGE_ID)
VALUES
('328', 'Manage Portfolio', 'Portfolio', 'delete', 0, '1087','5');

INSERT INTO APPLICABLE_FUNCTION_PRIVILEGE
(ID, BUSINESS_FUNCTION_NAME, FUNCTION_RESOURCE_NAME, PRIVILEGE_NAME, SUPPORTS_LIMIT, BUSINESS_FUNCTION_ID, PRIVILEGE_ID)
VALUES
('329', 'Manage Portfolio', 'Portfolio', 'approve', 0, '1087','6');

INSERT INTO APPLICABLE_FUNCTION_PRIVILEGE
(ID, BUSINESS_FUNCTION_NAME, FUNCTION_RESOURCE_NAME, PRIVILEGE_NAME, SUPPORTS_LIMIT, BUSINESS_FUNCTION_ID, PRIVILEGE_ID)
VALUES
('330', 'Manage Order', 'Portfolio', 'view', 0, '1088','2');

INSERT INTO APPLICABLE_FUNCTION_PRIVILEGE
(ID, BUSINESS_FUNCTION_NAME, FUNCTION_RESOURCE_NAME, PRIVILEGE_NAME, SUPPORTS_LIMIT, BUSINESS_FUNCTION_ID, PRIVILEGE_ID)
VALUES
('331', 'Manage Order', 'Portfolio', 'create', 0, '1088','3');

INSERT INTO APPLICABLE_FUNCTION_PRIVILEGE
(ID, BUSINESS_FUNCTION_NAME, FUNCTION_RESOURCE_NAME, PRIVILEGE_NAME, SUPPORTS_LIMIT, BUSINESS_FUNCTION_ID, PRIVILEGE_ID)
VALUES
('332', 'Manage Order', 'Portfolio', 'edit', 0, '1088','4');

INSERT INTO APPLICABLE_FUNCTION_PRIVILEGE
(ID, BUSINESS_FUNCTION_NAME, FUNCTION_RESOURCE_NAME, PRIVILEGE_NAME, SUPPORTS_LIMIT, BUSINESS_FUNCTION_ID, PRIVILEGE_ID)
VALUES
('333', 'Manage Order', 'Portfolio', 'delete', 0, '1088','5');

INSERT INTO APPLICABLE_FUNCTION_PRIVILEGE
(ID, BUSINESS_FUNCTION_NAME, FUNCTION_RESOURCE_NAME, PRIVILEGE_NAME, SUPPORTS_LIMIT, BUSINESS_FUNCTION_ID, PRIVILEGE_ID)
VALUES
('334', 'Manage Order', 'Portfolio', 'approve', 0, '1088','6');

INSERT INTO ASSIGNABLE_PERMISSION_SET_ITEM
(ASSIGNABLE_PERMISSION_SET_ID, FUNCTION_PRIVILEGE_ID)
VALUES
(1, '313');

INSERT INTO ASSIGNABLE_PERMISSION_SET_ITEM
(ASSIGNABLE_PERMISSION_SET_ID, FUNCTION_PRIVILEGE_ID)
VALUES
(1, '314');

INSERT INTO ASSIGNABLE_PERMISSION_SET_ITEM
(ASSIGNABLE_PERMISSION_SET_ID, FUNCTION_PRIVILEGE_ID)
VALUES
(1, '315');

INSERT INTO ASSIGNABLE_PERMISSION_SET_ITEM
(ASSIGNABLE_PERMISSION_SET_ID, FUNCTION_PRIVILEGE_ID)
VALUES
(1, '316');

INSERT INTO ASSIGNABLE_PERMISSION_SET_ITEM
(ASSIGNABLE_PERMISSION_SET_ID, FUNCTION_PRIVILEGE_ID)
VALUES
(1, '317');

INSERT INTO ASSIGNABLE_PERMISSION_SET_ITEM
(ASSIGNABLE_PERMISSION_SET_ID, FUNCTION_PRIVILEGE_ID)
VALUES
(1, '318');

INSERT INTO ASSIGNABLE_PERMISSION_SET_ITEM
(ASSIGNABLE_PERMISSION_SET_ID, FUNCTION_PRIVILEGE_ID)
VALUES
(1, '319');

INSERT INTO ASSIGNABLE_PERMISSION_SET_ITEM
(ASSIGNABLE_PERMISSION_SET_ID, FUNCTION_PRIVILEGE_ID)
VALUES
(1, '320');

INSERT INTO ASSIGNABLE_PERMISSION_SET_ITEM
(ASSIGNABLE_PERMISSION_SET_ID, FUNCTION_PRIVILEGE_ID)
VALUES
(1, '321');

INSERT INTO ASSIGNABLE_PERMISSION_SET_ITEM
(ASSIGNABLE_PERMISSION_SET_ID, FUNCTION_PRIVILEGE_ID)
VALUES
(1, '322');

INSERT INTO ASSIGNABLE_PERMISSION_SET_ITEM
(ASSIGNABLE_PERMISSION_SET_ID, FUNCTION_PRIVILEGE_ID)
VALUES
(1, '323');

INSERT INTO ASSIGNABLE_PERMISSION_SET_ITEM
(ASSIGNABLE_PERMISSION_SET_ID, FUNCTION_PRIVILEGE_ID)
VALUES
(1, '324');

INSERT INTO ASSIGNABLE_PERMISSION_SET_ITEM
(ASSIGNABLE_PERMISSION_SET_ID, FUNCTION_PRIVILEGE_ID)
VALUES
(1, '325');

INSERT INTO ASSIGNABLE_PERMISSION_SET_ITEM
(ASSIGNABLE_PERMISSION_SET_ID, FUNCTION_PRIVILEGE_ID)
VALUES
(1, '326');

INSERT INTO ASSIGNABLE_PERMISSION_SET_ITEM
(ASSIGNABLE_PERMISSION_SET_ID, FUNCTION_PRIVILEGE_ID)
VALUES
(1, '327');

INSERT INTO ASSIGNABLE_PERMISSION_SET_ITEM
(ASSIGNABLE_PERMISSION_SET_ID, FUNCTION_PRIVILEGE_ID)
VALUES
(1, '328');

INSERT INTO ASSIGNABLE_PERMISSION_SET_ITEM
(ASSIGNABLE_PERMISSION_SET_ID, FUNCTION_PRIVILEGE_ID)
VALUES
(1, '329');

INSERT INTO ASSIGNABLE_PERMISSION_SET_ITEM
(ASSIGNABLE_PERMISSION_SET_ID, FUNCTION_PRIVILEGE_ID)
VALUES
(1, '330');

INSERT INTO ASSIGNABLE_PERMISSION_SET_ITEM
(ASSIGNABLE_PERMISSION_SET_ID, FUNCTION_PRIVILEGE_ID)
VALUES
(1, '331');

INSERT INTO ASSIGNABLE_PERMISSION_SET_ITEM
(ASSIGNABLE_PERMISSION_SET_ID, FUNCTION_PRIVILEGE_ID)
VALUES
(1, '332');

INSERT INTO ASSIGNABLE_PERMISSION_SET_ITEM
(ASSIGNABLE_PERMISSION_SET_ID, FUNCTION_PRIVILEGE_ID)
VALUES
(1, '333');

INSERT INTO ASSIGNABLE_PERMISSION_SET_ITEM
(ASSIGNABLE_PERMISSION_SET_ID, FUNCTION_PRIVILEGE_ID)
VALUES
(1, '334');

commit;
